,model,precision,recall,accuracy,balanced_accuracy,f1,mcc,tn,fp,fn,tp,aucpr
0,SVMSMOTE-LR,0.5348837209302325,0.7666666666666667,0.9956675224646984,0.8817209502311083,0.6301369863013698,0.6383487776407082,6182,20,7,23,0.5185986602632223
1,SVMSMOTE-LR/CSL,0.43333333333333335,0.8666666666666667,0.9939024390243902,0.9305922820595507,0.5777777777777778,0.6104275995419919,6168,34,4,26,0.5500536823916016
2,LR,0.5757575757575758,0.6333333333333333,0.9959884467265725,0.8155379984951091,0.6031746031746033,0.601852934333201,6188,14,11,19,0.5070837480207275
3,LR/CSL,0.48936170212765956,0.7666666666666667,0.99502567394095,0.8813984736106633,0.5974025974025974,0.6102624857014908,6178,24,7,23,0.5416657307515824
4,LR (no PP),0.3877551020408163,0.6333333333333333,0.993421052631579,0.814248092013329,0.4810126582278481,0.4925286410226315,6172,30,11,19,0.3382278524830641
