,model,precision,recall,accuracy,balanced_accuracy,f1,mcc,tn,fp,fn,tp,aucpr
0,Resampling - No CSL,0.7333333333333333,0.7333333333333333,0.9974326059050064,0.8660217134257766,0.7333333333333333,0.7320434268515532,6194,8,8,22,0.7164836573220942
1,Resampling - CSL,0.6285714285714286,0.7333333333333333,0.9966302952503209,0.8656186176502203,0.6769230769230768,0.6772671887314374,6189,13,8,22,0.7094556583162799
2,No Resampling - No CSL,0.6774193548387096,0.7,0.9969512195121951,0.8491938084488875,0.6885245901639343,0.6870863583844421,6192,10,9,21,0.6781705580726604
3,No Resampling - CSL,0.7333333333333333,0.7333333333333333,0.9974326059050064,0.8660217134257766,0.7333333333333333,0.7320434268515532,6194,8,8,22,0.7241322628576233
4,NN (no PP),0.6521739130434783,0.5,0.9963093709884467,0.7493550467591099,0.5660377358490566,0.569245909428153,6194,8,15,15,0.5613475759995502
