,model,precision,recall,accuracy,balanced_accuracy,f1,mcc,tn,fp,fn,tp,aucpr
0,SVMSMOTE-RFC,0.5,0.3,0.995186136071887,0.6492744276039987,0.37499999999999994,0.3850525833977915,6193,9,21,9,0.4436726494931156
1,SVMSMOTE-RFC/CSL,0.47619047619047616,0.6666666666666666,0.9948652118100129,0.8315597119208857,0.5555555555555556,0.5609811751646723,6180,22,10,20,0.47958711987611696
2,RFC,0.5714285714285714,0.13333333333333333,0.9953465982028241,0.5664248092013329,0.21621621621621623,0.27451629050108906,6199,3,26,4,0.3948436966114169
3,RFC/CSL,0.5151515151515151,0.5666666666666667,0.9953465982028241,0.7820434268515533,0.5396825396825397,0.5379658388833635,6186,16,13,17,0.48141365111447243
4,RFC (no PP),0.6666666666666666,0.13333333333333333,0.9955070603337612,0.5665054283564441,0.2222222222222222,0.29684751363644685,6200,2,26,4,0.47825064074113266
